"station","name","lon","lat"
2200001,"Київ-Пасажирський",30.48856926,50.43994904
2200046,"Вертіївка",31.88227272,51.17617035
2200332,"Каолінова",28.739537,49.781631
2200722,"Колодяжний",27.72519684,50.08455276
2204001,"Харків-Пасажирський",36.20360947,49.98952866
2204642,"Зупинка 185 км",33.27370071,49.9420929
2208001,"Одеса-Головна",30.74087524,46.46717453
2208380,"Олександрія",33.13307571,48.67386246
2208530,"Херсон",32.60475922,46.65638733
2208545,"Каланчак",33.46842957,46.25377655
2210001,"Сімферополь-Пасажирський",34.081866,44.962076
2210685,"Армянськ",33.70246,46.116059
2210700,"Дніпропетровськ-Головний",35.01510239,48.4777565
2210710,"Джанкой",34.388056,45.711667
2210736,"Чистопілля",36.181111,45.365
2210765,"Красноперекопськ",33.780676,45.960404
2210775,"Сім Колодязів",35.772954,45.298308
2210800,"Запоріжжя 1",35.18782425,47.7952652
2210830,"Апостолове",33.69441605,47.65864563
2210965,"Воїнка",34.005995,45.87089
2214000,"Донецьк",37.74565125,48.04415894
2214030,"Микитівка",38.03017426,48.35639191
2214200,"Луганськ",39.28772354,48.57600403
2218200,"Івано-Франківськ",24.72385406,48.92542648
2218300,"Тернопіль",25.60083961,49.55389786
2208350,"Ім.Т.Шевченка",31.894444,49.203333
2200300,"Хмельницький",27.00961494,49.41622162
2208390,"Знам'янка-Пасажирська",32.68975449,48.71044922
2200180,"Біла Церква",30.10986328,49.81221771
2204482,"Красноград",35.44568634,49.36045074
2210900,"Кривий Ріг-Головний",33.45175552,47.91233444
2218091,"Славське",23.44462204,48.84860229
2200200,"Вінниця",28.5109539,49.23926926
2200270,"Жмеринка",28.1119957,49.0340271
2218500,"Чернівці",25.93018723,48.30121994
2208410,"Кіровоград",32.26039886,48.52378464
2208002,"Одеса Східна",30.78601646,46.59428024
2208119,"Первомайськ-на-Бузі",30.85088158,48.04113007
2200040,"Конотоп",33.18751144,51.2240448
2218000,"Львів",23.99400711,49.83984756
2210670,"Мелітополь",35.35636139,46.86798096
2218270,"Рахів",24.20872879,48.05466843
2200260,"Кам`янець-Подільський",26.60206413,48.68812561
2210810,"П'ятихатки",33.70416641,48.41468811
2200221,"Адампіль",27.67146301,49.66830444
2200030,"Бахмач-Пасажирський",32.84376144,51.1881752
2204560,"Лубни",32.97525024,50.02035141
2208420,"Вознесенськ",31.32351685,47.57352448
2208450,"Котовськ",29.528611,47.75
2208640,"Умань",30.20432281,48.73270416
2218212,"Кваси",24.27961731,48.15611267
2208403,"Новоукраїнка",31.5161438,48.33256531
2204530,"Ромодан",33.32067871,49.99242401
2214270,"Харцизьк",38.15322113,48.03118515
2218180,"Володимир-Волинський",24.3351326,50.845047
2200302,"Козятин-1",28.83065414,49.70554352
2200150,"Фастів 1",29.93019104,50.07924271
2208099,"Городище",31.43352699,49.26882935
2218090,"Стрий",23.8415947,49.25961304
2218095,"Ужгород",22.30059433,48.60934448
2208092,"Южноукраїнська",31.263365,47.820052
2208444,"Любашівка",30.271483,47.845017
2204460,"Смородине",34.96863937,50.48196411
2204550,"Гребінка",32.43426514,50.12174988
2214020,"Красний Лиман",37.82525635,48.96571732
2204423,"Шевченкове-Південне",37.176731,49.693497
2218030,"Коломия",25.06038475,48.53464127
2218213,"Ясиня",24.35390854,48.25624847
2200220,"Шепетівка",27.06601906,50.19672012
2204610,"Кременчук",33.42826843,49.0677948
2218150,"Броди",25.14084816,50.07413101
2200280,"Могилів-Подільський",27.77495384,48.45773697
2218123,"Перечин",22.47851562,48.7330246
2214010,"Ясинувата-Пасажирська",37.84540558,48.1217804
2218020,"Ковель",24.71249008,51.22125244
2218400,"Рівне",26.23870277,50.62861633
2218010,"Здолбунів",26.25718689,50.52801514
2210780,"Нікополь",34.39128113,47.58579254
2208630,"Користівка",33.0662117,48.73239136
2218118,"Сянки",22.90197182,49.02316666
2218217,"Ворохта",24.5647316,48.29303741
2204580,"Полтава Київська",34.52548981,49.60352325
2210725,"Марганець",34.61972046,47.65469742
2200130,"Новоград-Волинський 1",27.59248543,50.59801102
2204450,"Суми",34.80853271,50.92713165
2204380,"Куп'янськ-Вузловий",37.64479828,49.65264511
2208536,"Миколаїв-Пасажирський",32.06258,46.937816
2200274,"Щорс",31.94291115,51.81399536
2218218,"Татарів",24.57676888,48.34527588
2218245,"Червоноград",24.229105,50.39680862
2214180,"Артемівськ 2",37.98599625,48.59143829
2204430,"Лозова",36.31904602,48.8914299
2218165,"Дубно",25.75276375,50.38652802
2208430,"Вапнярка",28.745718,48.53402328
2218255,"Яремче",24.551692,48.448131
2210674,"Вільногірськ",34.01325989,48.46487045
2218125,"Радивилів",25.26094627,50.11898041
2200290,"Мена",32.23476028,51.53233337
2200247,"Бар",27.7226963,49.03608322
2208360,"Помічна",31.40839767,48.24115753
2218115,"Чоп",22.20549583,48.4326973
2210870,"Чортомлик",34.13276291,47.61863327
2204561,"Пирятин",32.5061264,50.23826981
2218033,"Рафалівка",25.99858665,51.30635834
2200110,"Коростень",28.63460159,50.95708466
2218060,"Луцьк",25.35106087,50.75797272
2218113,"Стрілки",22.98955154,49.33646011
2200032,"Бахмач-Київський",32.79928589,51.18108749
2214052,"Сватове",38.16497421,49.40907288
2210940,"Синельникове 2",35.51135635,48.33351517
2208362,"Корсунь",31.31185532,49.42998123
2210720,"Дніпродзержинськ-Пасажирський",34.60398483,48.49716568
2208369,"Богачеве",31.0474704,49.0152513
2208417,"Слобідка",29.2658,47.9858
2218127,"Батьово",22.38594627,48.36146927
2218209,"Надвірна",24.58483315,48.62417984
2214233,"Кринична",38.02473831,48.12688065
2201263,"Деражня",27.43045807,49.26725006
2200035,"Плиски",32.44234848,51.10283279
2204570,"Миргород",33.63002777,49.94932175
2218080,"Сарни",26.60293198,51.33877563
2200210,"Полонне",27.48794746,50.13956833
2208367,"Шпола",31.39762115,48.99503326
2218005,"Самбір",23.21289635,49.5167923
2204488,"Сахновщина",35.872037,49.148356
2214140,"Костянтинівка",37.721389,48.516667
2200177,"Миропіль",27.66867828,50.09976578
2200016,"Шостка",33.48028183,51.85832977
2200176,"Печанівка",27.80041695,50.07523346
2200070,"Ніжин",31.88860703,51.01798248
2214050,"Красноармійськ",37.174167,48.286111
2218070,"Мукачеве",22.71199989,48.42920303
2200060,"Путивль",33.84538651,51.2032547
2218185,"Злочів",24.89023018,49.78946304
2214060,"Лисичанськ",38.45318604,48.91510391
2200049,"Носівка",31.60408211,50.90283966
2208510,"Кодима",29.125635,48.088452
2218280,"Рокитне-Волинське",27.22068214,51.27121735
2200174,"Чуднів-Волинський",28.1445,50.0193
2204403,"Куп'янськ-Південний",37.608783,49.709576
2200739,"Михайленки",28.29333115,49.97116089
2214116,"Вовчоярська",38.488245,48.86935
2200198,"Калинівка 1",28.52920532,49.4348793
2210740,"Керч",36.4324,45.3617
2200050,"Ворожба",34.22441864,51.17006302
2204611,"Ліщинівка",34.268185,49.259403
2200600,"Чернігів",31.26615524,51.48560715
2200810,"Зернове",34.02236938,52.18385315
2200103,"Олевськ",27.64788628,51.22841263
2200120,"Бердичів",28.61318016,49.88952637
2208518,"Високопілля",33.52970505,47.48339462
2210960,"Федорівка",35.314167,47.08
2201261,"Комарівці",27.66374588,49.19577026
2214240,"Горлівка",38.044384,48.31179047
2200007,"Дарниця",30.6457119,50.43153763
2200010,"Хутір-Михайлівський",33.94598007,52.04434967
2200242,"Гнівань",28.32981873,49.10240936
2204480,"Талалаївка",33.14121628,50.84664917
2214047,"Барвінкове",37.0205574,48.89571762
2200190,"Миронівка",30.98068428,49.64836121
2210805,"Азовська",34.566667,45.583333
2201235,"Бобрик",31.03721619,50.64682007
2200044,"Ім.Бориса Олійника",31.66485214,51.36696243
2214220,"Попасна",38.3793869,48.63018417
2214280,"Макіївка-Пасажирська",37.948889,48.102222
2208340,"Черкаси",32.049722,49.425833
2201156,"Івотка",33.79925537,51.94389725
2208504,"Новий Буг",32.57674408,47.68543625
2204153,"Старовірівка",37.447111,49.677121
2210760,"Павлоград 1",35.85538483,48.55069733
2214080,"Родакове",39.0231514,48.55485916
2208521,"Біла Криниця",33.196114,47.351719
2210675,"Якимівка",35.164241,46.680123
2214040,"Слов'янськ",37.56016159,48.83166885
2204911,"Первомайське-Південне",37.253056,49.667778
2200013,"Терещенська",33.48123169,51.76427841
2208440,"Долинська",32.76350403,48.10830688
2210790,"Новоолексіївка",34.64642715,46.22600555
2214090,"Комунарськ",38.77696609,48.48334503
2204590,"Полтава-Південна",34.59515762,49.58200073
2208370,"Христинівка",29.97229004,48.81555557
2214110,"Краматорськ",37.543056,48.725833
2214134,"Первомайськ",38.57722092,48.62574768
2218290,"Свалява",22.98799515,48.5516243
2200057,"Кононівка",32.10670471,50.17776871
2200154,"Чорнорудка",29.033079,49.848004
2214092,"Кипуча",38.6978035,48.43964767
2214210,"Дебальцеве",38.4278,48.3411
2200020,"Кролевець",33.36281967,51.55152512
2210950,"Владиславівка",35.378439,45.168373
2208520,"Затишшя",29.87870216,47.33597565
2214150,"Мануїлівка",38.634605,48.408634
2200004,"Київ-Московський",30.53667641,50.40513992
2218083,"Миколаїв-Дністровський",23.95352554,49.51156616
2210755,"Партизани",34.809634,46.380048
2200009,"Видубичі",30.559063,50.402673
2200152,"Брівки",29.21246529,49.92425537
2214070,"Стаханов",38.58451843,48.51875305
2200194,"Голендри",28.71545029,49.56540298
2200059,"Яготин",31.79592896,50.2376976
2200311,"Караваєві Дачі",30.44906425,50.43795395
2214190,"Вуглегірськ",38.27385,48.316951
2200051,"Бобровиця",31.37050056,50.76335144
2200151,"Попільня",29.45942307,49.94448471
2204426,"Чугуїв",36.66906738,49.8188591
2218145,"Воловець",23.18463326,48.71362305
2200006,"Вишневе",30.37014198,50.38454437
2200052,"Заворичі",31.13568306,50.69010925
2208526,"Снігурівка",32.78028488,47.06530762
2210690,"Бердянськ",36.803936,46.75098801
2210855,"Сокологірне",34.948215,46.499486
2200061,"Березань",31.50191116,50.32816696
2204512,"Кириківка",35.1348381,50.34339905
2218025,"Красне",24.61468315,49.91688919
2208460,"Роздільна 1",30.0738163,46.85012054
2200062,"Баришівка",31.31659317,50.34658813
2214078,"Байрак",38.13224792,48.31621933
2200090,"Овруч",28.8175354,51.32494354
2210735,"Нижньогірська",34.735869,45.448644
2208373,"Тальне",30.723319,48.89483
2218273,"Лавочне",23.35759544,48.81064224
2204526,"Коломак",35.21837234,49.85527039
2210750,"Севастополь",33.529153,44.594985
2210840,"Рокувата",33.47809982,48.04392624
2200064,"Бориспіль",30.94447899,50.37704086
2204525,"Водяна",35.367342,49.92626
2200093,"Малин",29.29552269,50.77466202
2200268,"Волочиськ",26.20843124,49.53224564
2210880,"Феодосія",35.383978,45.030114
2208353,"Фундукліївка",32.252222,48.973056
2218260,"Підволочиськ",26.14082146,49.52920914
2200184,"Кривин",26.70063591,50.36166382
2204002,"Харків-Левада",36.24369431,49.9801178
2208379,"Звенигородка",30.98323631,48.9823494
2218088,"Сколе",23.50455475,49.03417969
2200036,"Крути",32.14618301,51.08159256
2200142,"Кожанка",29.73148346,49.9810791
2200240,"Хмільник",27.98413849,49.55939865
2200140,"Боярка",30.29888535,50.31715775
2204420,"Ізюм",37.30156326,49.21604919
2200053,"Бровари",30.81330872,50.51470947
2208359,"Цвіткове",31.530068,49.152704
2200230,"Старокостянтинів 2",27.27894211,49.73361206
2200141,"Мотовилівка",30.10518265,50.1819191
2214400,"Маріуполь",37.55511475,47.08500671
2210850,"Пологи",36.25891495,47.47629929
2204519,"Люботин",35.92715454,49.94137955
2200763,"Славута 1",26.88510704,50.32071686
2210699,"Нельгівка",36.295501,47.04213
2208304,"Кучурган",30.00233269,46.7538147
2214250,"Іловайськ",38.19676208,47.92401123
2218965,"Карпати",22.87857437,48.5229187
2219095,"Ківерці",25.46215439,50.83029175
2208502,"Казанка",32.76313019,47.88314819
2208544,"Брилівка",33.16015244,46.42311096
2214260,"Ханженкове",38.07767105,48.08588028
2200139,"Васильків 1",30.22492599,50.22576141
2204516,"Богодухів",35.48994064,50.15671158
2214230,"Волноваха",37.48979568,47.60163498
2210777,"Камиш-Зоря",36.69855881,47.32795334
2204514,"Куп'єваха",35.30903625,50.23041534
2201143,"Понінка",27.5247879,50.13801575
2210695,"Верхньодніпровськ",34.374901,48.552663
2214013,"Межова",36.73203659,48.24965668
2210815,"Верхівцеве",34.23740387,48.4824791
2214281,"Розівка",37.06277847,47.37386322
2200003,"Київ-Волинський",30.43130493,50.41088867
2208415,"Куцівка",32.78866196,48.30960083
2210930,"Чаплине",36.23392105,48.12745667
2204508,"Скрягівка",34.91970825,50.54670334
2214023,"Рутченкове",37.68441772,47.9651947
2214279,"Зачатівська",37.19776917,47.47019958
2204507,"Боромля",34.87734985,50.65094757
2214369,"Лантратівка",38.289723,49.922635
2200286,"Алтинівка",33.22000504,51.45275116
2210895,"Бахчисарай",33.8493,44.7557
2210845,"Пришиб",35.32557678,47.2587738
2210820,"Урожайна",34.293972,45.502674
2210831,"Дніпробуд 2",35.02594757,47.80973434
2214267,"Велико-Анадоль",37.48587036,47.69825363
2210910,"Новомосковськ-Дніпровський",35.23220444,48.64247131
2200186,"Острог",26.49409294,50.4370079
2214009,"Просяна",36.37220764,48.11766052
2214375,"Білокуракине",38.717682,49.548628
2208434,"Рудниця",28.93438148,48.26064682
2204410,"Основа",36.23974991,49.93603516
2204494,"Вири",34.37476349,51.0212059
2201239,"Хороше Озеро",32.26805115,51.08506775
2214137,"Старобільськ",38.928332,49.277635
2204428,"Мохнач",36.47913742,49.83260345
2208376,"Поташ",30.32891083,48.92014313
2200244,"Хоробичі",31.492233,52.029957
2208540,"Миколаїв-Вантажний",31.9756012,46.95736313
2200272,"Городня",31.63883781,51.91453171
2204440,"Білопілля",34.2710228,51.14197922
2214089,"Дружківка",37.546314,48.627392
2214133,"Голубівка",38.6049,48.650386
2210905,"Нововесела",34.880454,47.025448
2210705,"Кіровська",35.221618,45.226609
2208355,"Кам'янка",32.067778,49.049167
2200175,"Разіне",27.95582199,50.05255508
2214113,"Рубіжне",38.37450409,49.00254059
2218098,"Ходорів",24.30907822,49.40077591
2210715,"Краснофлотське",34.929326,45.339292
2210920,"Синельникове-1",35.52536011,48.31430435
2208338,"Золотоноша 1",32.07800674,49.65669632
2218065,"Солотвина 1",23.87702942,47.9498024
2218206,"Галич",24.73268127,49.13707352
2200179,"Хролин",27.2443161,50.15074158
2214063,"Святогірськ",37.55025482,49.07539368
2210745,"Острякове",34.03021,45.127474
2219085,"Тересва",23.69994164,47.99584961
2201785,"Яблунець",28.06484413,50.80627441
2204613,"Нові Санжари",34.406173,49.328421
2214008,"Кремінне",38.23712158,49.05345154
2218105,"Тячів",23.576641,48.014984
2204618,"Яблучне",35.23279953,50.29663086
2218089,"Тухля",23.4779892,48.91998291
2208532,"Каховка",33.43161774,46.75306702
2218160,"Буштина",23.49448776,48.05618286
2208336,"Драбове-Барятинське",32.30500793,49.95981216
2218879,"Гребенів",23.470483,48.976383
2204515,"Губарівка",35.37490082,50.17750549
2218204,"Бурштин",24.64759827,49.2172699
2200185,"Могиляни",26.55732536,50.41514206
2214168,"Слов'яносербськ",38.91008759,48.54615021
2200224,"Холонівська",28.34675789,49.49175262
2219115,"Хуст",23.2977562,48.16163254
2218240,"Трускавець",23.51211548,49.2828064
2218220,"Заліщики",25.73849678,48.64538956
2214264,"Оленівка",37.65007401,47.8357048
2204540,"Прилуки",32.38375473,50.58162689
2218155,"Дрогобич",23.54364204,49.35503006
2218295,"Королево",23.14097023,48.15351868
2218170,"Виноградів-Закарпатський",23.026213,48.134167
2204510,"Ромни",33.46837616,50.7490921
2204549,"Ічня",32.40811539,50.84227753
2214170,"Єнакієве",38.2000885,48.22639465
2218201,"Коршів",25.0168438,48.65391541
2218049,"Рожище",25.26075745,50.90970612
2218175,"Заболотів",25.30735016,48.47372055
2218129,"Берегове",22.6302433,48.20307159
2218135,"Чортків",25.78888512,49.02715683
2204573,"Решетилівка",34.14050293,49.63729477
2208470,"Крижопіль",28.86506081,48.37924957
2208347,"Виска",31.64691544,48.6338501
2210865,"Великий Токмак",35.71900558,47.23389435
2218235,"Турка",23.02441025,49.1522789
2218062,"Сокаль",24.25701141,50.46492004
2200080,"Соломірка",28.153692,49.518809
2200112,"Горбаші",28.6823101,50.45598602
2200145,"Судилків",27.13220978,50.18026352
2200196,"Воршиця",28.55609512,49.4636879
2200378,"Залісся",25.909223,48.951145
2200400,"Житомир",28.69807625,50.26813126
2201194,"Поляни",27.34869385,50.13730621
2204588,"Шишаки",33.21486282,49.89928055
2208346,"Новомиргород",31.67793465,48.79487991
2208546,"Вадим",33.59971237,46.18122101
2218044,"Іваничі",24.36795807,50.63796234
2218148,"Теребовля",25.69634438,49.29874039
2218518,"Ягодин",23.89587784,51.19818878
2204607,"Ганнівка",33.90056229,49.23682022
2218121,"Волосянка-Закарпатська",22.809236,48.982674
2208351,"Чорноліська",32.51987457,48.74860382
2204592,"Глобине",33.226824,49.399864
2214068,"Сіверськ",38.0932579,48.87021255
2218122,"Великий Березний",22.45825958,48.89817429
2204591,"Веселий Поділ",33.189158,49.60341
2208427,"Ладижин",29.23999405,48.63035202
2218041,"Турійськ",24.53276634,51.07969284
2210785,"Таврійськ",35.27770996,47.43965912
2208473,"Березівка",30.94197083,47.19249344
2204584,"Карлівка",35.12755203,49.45528793
2200232,"Дунаївці",26.83828545,49.02069092
2204589,"Хорол",33.2069397,49.78436661
2218214,"Лазещина",24.42246819,48.25804138
2208405,"Людмилівка",31.450412,48.034653
2218199,"Отиня",24.84537125,48.73638153
2204486,"Кегичівка",35.768598,49.28531
2204407,"Куземівка",37.95898056,49.52089691
2200229,"Гречани",26.9296627,49.44287109
2218205,"Маневичі",25.53339577,51.29309464
2204406,"Кислівка",37.900833,49.641944
2218064,"Соснівка",24.26314354,50.2921257
2200258,"Рахни",28.47200012,48.78879929
2208349,"Адабаш",31.479855,48.353087
2218032,"Чарторийськ",25.83443069,51.29958725
2218151,"Хоростків",25.90912247,49.19552612
2204520,"Сула",33.39891434,50.39868164
2200307,"Старий Луг",32.66767502,51.13534164
2204412,"Тополі",37.910606,49.960223
2204567,"Гоголеве",33.82325363,49.91228485
2218112,"Старий Самбір",23.00369453,49.44490433
2204413,"Дворічна",37.672222,49.851111
2208475,"Буялик",30.71993256,46.91059875
2204606,"Козельщина",33.84497833,49.22000885
2218195,"Клесів",26.88480759,51.31245422
2201242,"Славутич",30.754354,51.515057
2204609,"Кобеляки",34.10367203,49.23070526
2218285,"Горохів",24.81586838,50.4497757
2200264,"Коржівці",27.2940464,49.29154205
2208396,"Веселинове",31.227613,47.363385
2204536,"Блотниця",33.02252579,50.85375595
2201157,"Мирославка",28.4693985,49.95359039
2204470,"Рубанка",32.94485092,50.93739319
2204534,"Григорівка",32.8234024,51.01794434
2204421,"Прокопівка",37.568889,49.645278
2200700,"Васютинці",27.77890396,49.13506317
2204568,"Яреськи",33.88322449,49.81517029
2200011,"Янпіль",33.74446869,51.9106369
2210770,"Євпаторія-Курорт",33.355008,45.1999
2200038,"Горностаївка",31.15197945,52.05330276
2208507,"Явкине",32.470626,47.318798
2208523,"Березнегувате",32.99234,47.243691
2208337,"Пальміра",32.15311432,49.76097488
2210860,"Саки",33.5991,45.144731
2200243,"Браїлів",28.14014053,49.08605957
2200293,"Кордишівка",28.78344727,49.63998413
2200241,"Тюшки",28.48849297,49.15060043
2200282,"Доч",32.57884598,51.31597137
2200743,"Нова Борова",28.62431526,50.69123459
2204438,"Козача Лопань",36.19400787,50.3346405
2204563,"Лазірки",32.64363098,50.09553909
2200223,"Уладівка",28.20404816,49.50737381
2210709,"Молочанськ",35.614281,47.201973
2204472,"Лихачове",36.06670761,48.9166069
2204467,"Балаклія",36.86193466,49.467659
2210698,"Верхній Токмак 2",36.31221008,47.22043228
2200231,"Ярмолинці",26.804245,49.17886353
2210311,"Варварівка",35.98579407,48.70479965
2204544,"Гадяч",33.97559357,50.38555908
2200490,"Речовий Ринок",26.962806,49.417035
2204473,"Краснопавлівка",36.32127762,49.13994598
2214073,"Сіль",38.03430557,48.71535873
2204543,"Венеславівка",33.737667,50.363906
2214278,"Хлібодарівка",37.41065216,47.48649216
2200225,"Красилів",27.01443863,49.669487
2204541,"Юсківці",33.330455,50.469383
2200279,"Макошине",32.331604,51.46448135
2200181,"Пасічний",27.54928398,49.69370651
2204542,"Лохвиця",33.45990753,50.36922836
2204545,"Бодаква",33.45733261,50.29157257
2204546,"Сенча",33.44085693,50.19772339
2200171,"Козятин 2",28.78317642,49.75707245
2204424,"Гракове",36.867514,49.728745
2208461,"Раухівка 1",30.833589,47.170783
2204505,"Сироватка",34.838333,50.785278
2210890,"Елеваторна",34.132527,45.291457
2208472,"Колосівка",31.01834869,47.30542755
2218047,"Голоби",25.00635719,51.08349991
2201126,"Робоча",28.51973915,49.45428848
2200027,"Путійська",33.60206604,51.21298218
2210955,"Верхній Токмак 1",36.30743027,47.20722198
2214109,"Кабанне",38.21578217,49.22686005
2201165,"Лівий Берег",30.60581017,50.42136002
2204466,"Шебелинка",36.64030075,49.54437637
2200259,"Ярошенка",28.26795959,48.90226364
2200197,"Калинівка 2",28.47605133,49.45650101
2208519,"Блакитне",33.442919,47.411268
2214148,"Новий Айдар",39.02816772,48.95050049
2208550,"Балта",29.62517738,47.87437439
2200233,"Балин",26.63460159,48.90660477
2218045,"Снятин",25.50516129,48.4293251
2218068,"Стоянів",24.66671753,50.37792969
2218210,"Дубровиця",26.59511185,51.56065369
2218152,"Копичинці",25.92752457,49.09893417
2204465,"Зміїв",36.37155533,49.70707321
2208424,"Кублич",29.64697838,48.6738472
2208348,"Капустине",31.55133438,48.47145081
2218053,"Клевань",26.0277729,50.75137711
2218071,"Кам'янка-Бузька",24.35694504,50.09878159
2218003,"Удрицьк",26.75040627,51.74732971
2204581,"Селещина",34.83560562,49.46755981
2201141,"Рачки",28.36214066,49.95944595
2201144,"Білоус",31.19707298,51.49447632
2201203,"Чернявка",29.6191349,49.96606445
2201211,"Новичі",27.32051277,50.1418457
2201233,"Воронківці",27.129444,49.7125
2201244,"Велика Загорівка",32.54492188,51.1143074
2204594,"Рублівка",33.302778,49.255278
2204603,"Потоки",33.61978149,49.12649918
2218015,"Костопіль",26.44351578,50.87110901
2204597,"Крюків-на-Дніпрі",33.43366241,49.03672028
2208409,"Мартинівська",31.309722,47.471944
2208385,"Павлиш",33.33887482,48.91173172
2201178,"Хутір Халімонове",32.92235184,51.1954422
2214054,"Слов'янський Курорт",37.6504631,48.86905289
2208345,"Капітанівка",31.699462,48.915099
2201224,"Приостерний",32.03749466,51.06238937
2204605,"Галещина",33.7540741,49.17082977
2204489,"Орілька",36.0189209,48.97470093
2200265,"Богданівці",27.14103889,49.37388992
2200023,"Кобижча",31.5492878,50.8237114
2201232,"Райки",28.51221848,49.94517899
2200425,"Кориченці",27.591673,49.204305
2201162,"Радівці",27.71490669,49.17765808
2200101,"Білокоровичі",28.05074692,51.11743164
2201186,"Дубки",27.94259834,49.09861755
2200195,"Гулівці",28.59152985,49.48649979
2204529,"Кочубеївка",34.972443,49.744079
2204528,"Скороходове",35.067778,49.778056
2204524,"Ков'яги",35.55591583,49.91829681
2200170,"Козятин-Пасажирський",28.833333,49.716667
2208102,"Дубки Рзд",33.61917877,47.57058716
2210766,"Айвазовська",35.366667,45.033333
2210696,"Гусарка",36.37363052,47.46944046
2208524,"Калініндорф",32.946499,47.161412
2210832,"Оріхівська",35.78411102,47.56048203
2214066,"Ямпіль",37.9425,48.932222
2204427,"Есхар",36.56439209,49.82779694
2208528,"Сірогози",34.37462234,46.94227982
2208483,"Аккаржа",30.55885506,46.33219528
2208316,"Велика Благовіщенка",34.064167,46.867222
2208485,"Кароліно-Бугаз",30.53121185,46.14429474
2200720,"Клепали",33.95466232,51.17766571
2200173,"Демчин",28.40901375,49.94799423
2208560,"Білгород-Дністровський",30.33775139,46.18518066
2209433,"Лелеківка",32.12435913,48.51893234
2208398,"Шостаківка",31.97153664,48.51654816
2208744,"Тимково",32.830667,48.053022
2210875,"Єлизаветівка",36.40222549,46.94784546
2208580,"Ізмаїл",28.81253624,45.35996628
2200322,"Демійка",30.83953094,51.5071106
2200406,"Зупинка Пункт 669 км",32.701127,51.146405
2201137,"Кукілка",33.12428284,51.21535873
2201792,"Курилівка",28.09166527,49.53284454
2210732,"Останіне",35.912222,45.328056
2208422,"Підгородна",30.89317131,48.10910797
2200256,"Журавлівка",28.71915627,48.60254288
2208625,"Кам'яний Міст",30.786707,47.911752
2208443,"Врадіївка",30.585944,47.877292
2214015,"Гродівка",37.375833,48.257222
2218911,"Кострино",22.601124,48.944469
2208406,"Кавуни",31.27280426,47.9101181
2208445,"Заплази",30.116667,47.85
2208447,"Жеребкове",29.876134,47.836518
2218216,"Вороненко",24.499722,48.287778
2200252,"Вендичани",27.77980423,48.60730743
2208490,"Арциз",29.42002487,45.99691391
2218029,"Поворськ",25.13292503,51.2722702
2200250,"Котюжани",27.7544899,48.78730392
2200249,"Копай",27.7544136,48.88380814
2204539,"Андріяшівка",33.37401581,50.56262207
2204414,"Заоскілля",37.613333,49.701667
2218036,"Томашгород",27.06884956,51.301651
2204615,"Мала Перещепинська",34.51921082,49.39603424
2200234,"Сербинівці",27.89876556,49.10031128
2200317,"Миколаївка",28.74782372,49.6016655
2210711,"Світлодолинське",35.508889,47.080833
2204518,"Мерчик",35.7641449,50.00772095
2218075,"Вадул-Сірет",25.964722,48.018056
2218480,"Солотвино-Лікарня",23.86827087,47.96387863
2204509,"Бакирівка",35.06388855,50.40192413
2208515,"Зелений Гай",31.60553741,47.25178146
2208514,"Ясна Зоря",31.71715164,47.18756104
2208425,"Зятківці",29.44395828,48.71039963
2208426,"Губник",29.36342239,48.6214447
2208428,"Демківка",29.08543205,48.57117462
2208429,"Кирнасівка",28.99338722,48.57859802
2208458,"Веселий Кут",29.288889,46.049167
2200172,"Іванківці",28.67041779,49.85993576
2204547,"Дубровський Кінний З-Д",33.407222,50.09
2204949,"Зупинка Пункт 146 км",33.47505188,50.24747086
2208394,"Пантаївка",32.88352203,48.67589569
2218219,"Ділятин",24.61633492,48.50862885
2204490,"Рогинці",33.31293869,50.81659317
2218037,"Остки",27.36830139,51.26298523
2218445,"Букачівці",24.49484444,49.25999451
2200056,"Мар'янівка",32.26845551,50.14809799
2200730,"Лугини",28.37977028,51.03497314
2201149,"Богданівка",32.00826645,50.19193649
2210804,"Пахарівка",34.164167,45.834722
2210702,"Синя Гора",36.281111,47.262222
2205954,"Коновалове",33.601111,50.354722
2210713,"Плодородна",35.32002258,47.16667938
2210697,"Більманка",36.65129,47.246922
2208486,"Бугаз",30.44998932,46.06425095
2218251,"Кіцмань",25.7767601,48.43624496
2218179,"Товсте",25.72280693,48.85325623
2218120,"Антонівка",26.30300522,51.31143951
2200729,"Ложава",27.44318581,49.7233696
2204155,"Зелений Колодязь",36.44681168,49.84425735
2208368,"Іскрене",31.216944,48.9875
2208377,"Подібне",30.226944,48.916111
2208466,"Новоселиця",26.283106,48.22427
2209390,"Дар'ївка",31.355272,48.990905
2209514,"Стецівка",31.153333,48.995278
2209515,"Розсішки",30.05040741,48.77707672
2209519,"Васильків",31.315556,48.978889
2208412,"Медерове",32.66366577,48.56899643
2208495,"Аліяга",29.18753433,45.79032516
2200029,"Халимонове",32.99798965,51.20304871
2208491,"Кулевча",29.91291428,46.04020309
2208489,"Кантемир",30.065,46.121111
2200219,"Скібнево",26.8536644,49.32418442
2218069,"Радехів",24.62532997,50.28424454
2204939,"Мовчанове",37.701944,49.791389
2200068,"Неданчичі",30.63703918,51.51174545
2200387,"Козачівка",28.203417,49.087051
2201153,"Могилівка",28.2741909,49.09207535
2200165,"Десенка",29.44604683,49.32123947
2204425,"Коробочкине",36.813056,49.776389
2208539,"Копані",32.307681,46.809148
2200028,"Грузьке",33.53959656,51.21395874
2201168,"Дубинка",33.46556091,51.21517181
2200287,"Дубов'язівка",33.38690567,51.19921112
2208395,"Трепівка",32.3671608,48.68513107
2208366,"Сигнаївка",31.495,49.051944
2208378,"Яроватка",30.115278,48.905278
2209406,"Гордишівка",30.653889,48.9075
2208533,"Козацька",33.332222,46.786667
2208413,"Шарівка",32.78938293,48.50321198
2208386,"Лікарівка",33.16366959,48.82173157
2210703,"Кирилівка",35.366667,46.37
2201262,"Нова Гута",27.52899361,49.21191025
2200718,"Залізничне",28.79079247,49.74811935
2200768,"Стодульці",27.83015442,49.10876465
2204571,"Сагайдак",33.98192978,49.72956848
2208525,"Туркули",32.885,47.101111
2200058,"Черняхівський",31.95095444,50.20433044
2204538,"Перекопівка",33.42264938,50.60346222
2200758,"Роток",30.18560982,49.77943039
2208531,"Братолюбівка",33.85233307,46.83171463
2200008,"Святошин",30.3889904,50.45734024
2208104,"Заповітне",33.558889,46.773056
2200183,"Цвітоха",26.95407104,50.25718307
2208423,"Розкошівка",29.79098511,48.75309372
2208400,"Знам'янка",32.673333,48.713611
2208401,"Плетений Ташлик",31.72652817,48.46103287
2208419,"Глиняна",31.26403999,48.16831207
2208421,"Бандурка",31.035938,48.12382
2208435,"Попелюхи",28.97570038,48.21522903
2209382,"Ташбунар",28.92207909,45.51850128
2208496,"Дзинілор",29.11493683,45.65097046
2218508,"Білин",24.25723076,48.10385513
2208407,"Трикратне",31.303611,47.701667
2200138,"Майдан-Вила",27.30675888,50.29082489
2200137,"Радулин",27.39587975,50.35779572
2200136,"Колодянка",27.50102806,50.42502594
2218014,"Микуличин",24.59378433,48.39690399
2201191,"Гордіївка",27.87041283,50.06325531
2204422,"Гроза",37.35393906,49.66601944
2204429,"Тернове",36.351696,49.853439
2200115,"Кодня",28.66461563,50.10778809
2200797,"Вакуленчук",28.24116135,49.98454285
2200790,"Ракове",27.05878067,49.40283203
2200392,"Літки",30.746111,50.702778
2200754,"Парпурівський",28.5181694,49.17469406
2204888,"Пролісний",36.9325,49.7215
2208471,"Дачна",30.548889,46.5775
2208534,"Матросівка",33.144722,46.917222
2208535,"Івано-Копине",32.851667,47.041667
2218232,"Здолбунів-Південний",26.259722,50.509444
2200135,"Орепи",27.56035614,50.50217056
2208476,"Кремидівка",30.78491592,46.73736191
2201135,"Тарасівка",30.318773,50.344643
2201278,"Лопатиниці",27.96345901,49.09107208
2210734,"Прісноводна",36.034722,45.355556
2208474,"Сербка",30.75343513,47.00865173
2208497,"Котлабух",28.97642326,45.62676239
2208492,"Сарата",29.67925072,46.01568222
2210712,"Українська",35.00708771,47.0332756
2204537,"Біловоди",33.48855972,50.6551857
2200759,"Сальницький",28.53429604,49.38567352
2201201,"Слобода-Петрівка",32.39198303,50.12630081
2200025,"Переяславська",31.6555481,50.2646637
2201184,"Карпилівка",34.00897217,51.16490936
2200746,"Новодубровський",27.83020782,49.60905075
2208342,"Сміла",31.873056,49.211667
2208357,"Перегонівка",31.716111,49.223056
2208358,"Володимирівка",29.9125,48.91
2208375,"Шаласька",30.535278,48.915556
2201131,"Яришівка",28.44605255,49.12477493
2210885,"Магедове",36.513056,47.433333
2208482,"Ксенієве",30.628889,46.355278
2200045,"Вересоч",31.78329659,51.32714081
2208538,"Котляреве",32.196389,46.86
2200034,"Черемушки",32.62225723,51.12662125
2210795,"Трояни",36.61478806,46.87879944
2208487,"Шабо",30.35367775,46.14057159
2208331,"Олійникове",31.4675,48.102222
2200005,"Київ-Дніпровський",30.596507,50.46136
2200002,"Київ-Петрівка",30.499807,50.484497
2210842,"П'ятихатки-Стикова",33.64783859,48.42707825
2209391,"Кінецьпіль",30.785321,48.001935
2210737,"Багерове",36.296111,45.379444
2210843,"Бранне Поле",35.665278,45.261111
2201155,"Протасів Яр",30.50605011,50.42654419
2218415,"Квасилів",26.26018715,50.557827
2214039,"Авдіївка",37.73337555,48.14906693
2214041,"Очеретине",37.61177826,48.2413559
2200695,"Білосілля",28.99028397,49.81751251
2208516,"Новокатеринівка",31.39963341,47.29895401
2200701,"Ватутіне",27.17435646,50.16755676
2208494,"Главані",29.22149467,45.86062622
2200736,"Масивці",27.24626923,49.3194046
2208111,"Канатове",32.38222885,48.58927917
2208527,"Галаганівка",32.75569916,46.95970917
2208433,"Вигода",30.39840126,46.61381912
2208411,"Сахарна",32.62593842,48.64274979
2200315,"Волфине",34.45766449,51.24052811
2208391,"Щаслива",33.392222,48.5925
2204953,"Зупинка Пункт 9 км",33.55492783,50.34919357
2210074,"Семисотка",35.559722,45.243056
2210730,"Запоріжжя 2",35.1845932,47.82132339
2200761,"Семилітка",26.32144737,50.47515106
2210701,"Дніпропетровськ-Південний",35.06369781,48.43785095
2200144,"Устинівка",30.021667,49.958056
2200284,"Глухівці",28.72171402,49.80316925
2200345,"Щорсівка",28.596111,50.895556
2208341,"Білозір`Я",31.892222,49.305278
2208441,"Борщі",29.486389,47.832222
2210829,"Берда",36.77148819,46.79378891
2200187,"Івачкове",26.36126518,50.46162796
2204176,"Гавриші",35.57410431,50.08425522
2205956,"Осняги",33.84443665,50.3698616
2200043,"Муравійка",31.55423927,51.42617798
2208371,"Розсохуватка",30.844444,48.930833
2204533,"Курінь",32.83588409,51.09749985
2204200,"Петрівка",34.573684,49.712029
2209472,"Гусакове",30.828889,48.995556
2201274,"В'язове",33.41650009,51.20167542
2201121,"Новотроянда",31.2137146,50.35920334
2200273,"Камка",31.78041649,51.8637886
2218132,"Скотарське",23.2637558,48.72633362
2210689,"Фісаки",35.53562164,47.72449112
2201267,"Блидні",27.57812119,50.11003113
2200039,"Грибова Рудня",31.15661812,51.96614456
2200318,"Вінниця-Вантажна",28.53332138,49.26917267
2200109,"Красносілка",28.62003899,50.7697258
2200799,"Ганнусине",27.39180565,50.13111877
2201229,"Довбище",28.05376244,50.03164673
2218202,"Годи-Турка",25.072222,48.602222
2201260,"Півні",30.05558586,50.16565323
2208392,"Зелена",33.5022049,48.50817871
2209507,"Антонівка",32.7598877,46.67618179
2200077,"Хайчнорин",28.58566666,51.28949738
2204595,"Мазурівка",34.356667,49.568611
2208512,"Баловне",31.93276024,47.09125519
2209493,"Гнаденталь",29.53620148,45.98905563
2208079,"Ліщинівка",30.060278,48.909167
2208080,"Шахта",31.101862,49.016222
2200774,"Харліївка",29.34070587,49.95148087
2200292,"Баранне",26.82440948,50.33189774
2208315,"Нові Олешки",34.053611,46.916389
2201238,"Бадівка",26.60271263,50.38381195
2200108,"Ушомир",28.58908463,50.86264038
2200333,"Селище Лісове",32.58102,50.647554
2208453,"Чубівка",29.583333,47.65
2200055,"Паризька Комуна",32.3521843,50.13277435
2200024,"Кошари",34.08625412,51.16959763
2201189,"Бабаківка",34.13476944,51.1737175
2214139,"Мар'ївка",38.56119537,48.67223358
2209452,"Чорноморська",30.777778,46.844722
2202262,"Зафатівка",33.50065231,51.21459198
2210802,"Обільна",35.32590103,46.93420792
2208073,"Паланка II",30.098333,48.729444
2209489,"Прудянка",31.2919,48.9931
2218921,"Персенківка",24.030425,49.809783
2201204,"Українка",26.42173386,50.44569778
2208479,"Одеса-Західна",30.65348625,46.43870926
2200245,"Жмеринка-Подільська",28.05086899,49.04226303
2210117,"Роз'їзд 142 км",35.19596481,47.04363632
2208469,"Карпове",30.33066177,46.69050217
2210833,"Генічеськ",34.773889,46.173611
2210692,"Мала Токмачка",35.91568375,47.5270195
2200257,"Юрківка",28.5816288,48.70052719
2218141,"Зборів",25.132761,49.69176865
2210708,"Стульневе",36.025278,47.209444
2210897,"Інгулець",33.14234543,47.67959213
2208455,"Перехрестове",29.796389,47.436389
2210680,"Кривий Ріг",33.38319016,47.88136673
2200737,"Межирів",27.97953224,49.06517792
2218485,"Пустомити",23.90843964,49.71647263
2218535,"Новоселиця",26.28133011,48.22411346
2218452,"Ларга",26.85041428,48.43101883
2210282,"Низяни",36.198611,47.190556
2200149,"Трипілля-Дніпровське",30.75311661,50.13974762
2218197,"Хриплин",24.751392,48.876528
2218274,"Любинь-Великий",23.7317028,49.71534348
2210727,"Прибережне",33.608261,44.977909
2218043,"Овадне",24.38529587,50.92827225
2200291,"Кагарлик",30.809167,49.852222
2210788,"Щебеночний",36.595,47.309167
2208414,"Чабанівка",32.849702,48.44308
2208061,"Паланка 1",30.098333,48.729444
2210704,"Гайчур",36.12635422,47.82976532
2204174,"Панютине",36.275,48.940556
2210320,"Богемка",34.272977,45.773337
2208612,"Березине",29.20596695,46.23030853
2201269,"Гришки",27.74599648,49.15772247
2218247,"Стефанешти",25.684444,48.620278
2218244,"Городенка-Місто",25.487416,48.663679
2218564,"Городенко-Завод",25.47623825,48.68251801
2200725,"Левковичі",31.06049919,51.50136185
2218207,"Єзупіль",24.780278,49.041667
2200218,"Старокостянтинів 1",27.16550255,49.75301743
2208499,"Паризька",29.29495049,46.03115845
2208053,"Теплиця",29.356111,45.981389
2218242,"Гвіздець",25.287137,48.581135
2200033,"Голубичі",31.11252403,51.77855682
2200271,"Кузничі",31.566111,51.971389
2208467,"Барабой",30.52411842,46.25358963
2208522,"Лепетиха",33.0667572,47.30006027
2209410,"Новодмитрівський",33.348056,47.355833
2208128,"Чеховичі",32.41880035,46.76713181
2209439,"Зрошувальна",32.73350143,46.89619446
2209518,"Строковий",32.6942215,46.78407669
2209510,"Херсон-Східний",32.66575241,46.6961937
2200066,"Жукотки",31.01230621,51.502388
2208317,"Старосілля",33.375,47.375556
2201250,"Кам'янецький Переїзд",26.97464943,49.41671753
2214123,"Сентянівка",38.749948,48.66804
2214024,"Мандрикине",37.67924118,47.92080688
2208307,"Текстильна",32.6828537,46.74126053
2200106,"Бехи",28.67705727,51.07290268
2208537,"Кульбакине",32.069403,46.915467
2208006,"Новопавлівка",33.399167,46.323611
2204418,"Радьківські Піски",37.609167,49.266944
2204417,"Переддонбасівська",37.640833,49.381667
2200105,"Ігнатпіль",28.71519852,51.14311981
2204469,"Закомельська",37.195,49.373056
2218056,"Гнидава",25.31950569,50.69087982
2218059,"Сенкевичівка",25.02960587,50.52667999
2200111,"Топорище",28.66703033,50.53745651
2208325,"Сонячна",32.581267,46.49974
2204416,"Ім.Олега Крючкова",37.688889,49.472778
2200765,"Сосонка",28.54408455,49.35586166
2208127,"Чорнобаївка",32.52936554,46.71818161
2214275,"Сартана",37.57408524,47.15368271
2200779,"Чернігів-Північний",31.24851036,51.51980972
2209338,"Бешкетове",31.378606,48.188581
2204013,"Кагамлицька",33.4325,49.079722
2200017,"Мельня",33.15196609,51.36796188
2200784,"Будьки",28.205833,48.955833
2200309,"Лукошко",31.48324203,52.09557343
2201187,"Верхній Участок",27.20426941,49.34873962
2200067,"Малійки",30.90782547,51.50444794
2200104,"Потаповичі",28.76805496,51.22554398
2208493,"Давлет-Агач",29.2722168,45.94531631
2200269,"Деревини",31.46445274,52.11809921
2201151,"Перепис",31.488334,52.054995
2201188,"Мала Строївка",31.15488052,51.99547958
2218012,"Озеряни",26.03532982,50.45760727
2200026,"Степанівка",33.69894409,51.21118927
2209517,"Євгенівка",32.818921,47.091001
2204166,"Циганська",37.285,49.312222
2208477,"Кулиндорове",30.79308891,46.63357925
